{"stats":{"minecraft:picked_up":{"minecraft:yellow_wool":2,"minecraft:leather":1,"minecraft:birch_planks":1,"minecraft:birch_stairs":93,"minecraft:netherite_axe":1,"minecraft:dirt":2},"minecraft:custom":{"minecraft:time_since_rest":13437,"minecraft:play_time":13437,"minecraft:sprint_one_cm":7224,"minecraft:crouch_one_cm":319,"minecraft:walk_one_cm":71435,"minecraft:sneak_time":93,"minecraft:mob_kills":2,"minecraft:drop":2,"minecraft:jump":182,"minecraft:leave_game":1,"minecraft:time_since_death":13437,"minecraft:total_world_time":13437,"minecraft:fall_one_cm":4439,"minecraft:fly_one_cm":35262},"minecraft:killed":{"minecraft:trader_llama":2},"minecraft:used":{"minecraft:birch_planks":1,"minecraft:netherite_axe":94,"minecraft:birch_stairs":93},"minecraft:mined":{"minecraft:grass_block":1,"minecraft:birch_stairs":93,"minecraft:birch_planks":1,"minecraft:dirt":1,"minecraft:yellow_wool":2},"minecraft:dropped":{"minecraft:yellow_wool":2}},"DataVersion":3465}