{"stats":{"minecraft:used":{"jujutsucraft:cursed_spirit_grade_313_spawn_egg":4,"jujutsucraft:cursed_spirit_grade_318_spawn_egg":3,"jujutsucraft:cursed_spirit_grade_32_spawn_egg":4,"jujutsucraft:cursed_spirit_grade_37_spawn_egg":4,"minecraft:writable_book":1,"jujutsucraft:cursed_spirit_grade_315_spawn_egg":1,"jujutsucraft:cursed_spirit_grade_311_spawn_egg":3,"jujutsucraft:cursed_spirit_grade_39_spawn_egg":6,"jujutsucraft:cursed_spirit_grade_322_spawn_egg":3,"jujutsucraft:cursed_spirit_grade_31_spawn_egg":10,"jujutsucraft:cursed_spirit_grade_35_spawn_egg":1,"jujutsucraft:uniform_normal_boots":1,"jujutsucraft:cursed_spirit_grade_319_spawn_egg":3,"jujutsucraft:cursed_spirit_grade_317_spawn_egg":1,"jujutsucraft:cursed_spirit_grade_33_spawn_egg":2,"jujutsucraft:cursed_spirit_grade_321_spawn_egg":4,"jujutsucraft:cursed_spirit_grade_38_spawn_egg":7,"jujutsucraft:cursed_spirit_grade_34_spawn_egg":2,"jujutsucraft:cursed_spirit_grade_310_spawn_egg":8,"jujutsucraft:cursed_spirit_grade_312_spawn_egg":5,"jujutsucraft:cursed_spirit_grade_314_spawn_egg":5,"jujutsucraft:cursed_spirit_grade_316_spawn_egg":15,"jujutsucraft:uniform_normal_chestplate":1},"minecraft:picked_up":{"jujutsucraftaddon:reverse_level_scroll":2,"jujutsucraftaddon:health_scroll":5,"jujutsucraftaddon:clan_changer":6,"jujutsucraftaddon:jujutsu_coin":7,"minecraft:wheat_seeds":2},"minecraft:killed":{"jujutsucraft:cursed_spirit_grade_32":4,"minecraft:sheep":2,"jujutsucraft:cursed_spirit_grade_39":6,"minecraft:trader_llama":2,"jujutsucraft:cursed_spirit_grade_31":11,"jujutsucraft:cursed_spirit_grade_33":2,"jujutsucraft:cursed_spirit_grade_312":4,"jujutsucraft:stevenson_screen":1,"jujutsucraft:cursed_spirit_grade_313":4,"jujutsucraft:cursed_spirit_grade_314":5,"jujutsucraft:entity_scissors":1,"jujutsucraft:cursed_spirit_grade_311":3,"jujutsucraft:cursed_spirit_grade_310":8,"jujutsucraft:cursed_spirit_grade_37":3,"jujutsucraft:cursed_spirit_grade_35":1,"jujutsucraft:cursed_spirit_grade_38":7,"minecraft:wandering_trader":1,"jujutsucraft:cursed_spirit_grade_317":1,"jujutsucraft:cursed_spirit_grade_318":3,"jujutsucraft:cursed_spirit_grade_315":1,"jujutsucraft:cursed_spirit_grade_316":11,"jujutsucraft:cursed_spirit_grade_34":2,"jujutsucraft:cursed_spirit_grade_319":3,"jujutsucraft:cursed_spirit_grade_322":3,"jujutsucraft:cursed_spirit_grade_321":4},"minecraft:dropped":{"jujutsucraftaddon:reverse_level_scroll":3,"jujutsucraftaddon:jujutsu_coin":1,"jujutsucraftaddon:clan_changer":6,"jujutsucraftaddon:health_scroll":3},"minecraft:custom":{"minecraft:time_since_rest":37729,"minecraft:sprint_one_cm":3435,"minecraft:damage_taken":493,"minecraft:walk_one_cm":44571,"minecraft:mob_kills":95,"minecraft:drop":13,"minecraft:fly_one_cm":86310,"minecraft:crouch_one_cm":300,"minecraft:play_time":97469,"minecraft:deaths":2,"minecraft:sneak_time":205,"minecraft:jump":40,"minecraft:damage_dealt_resisted":13883,"minecraft:leave_game":4,"minecraft:time_since_death":37704,"minecraft:total_world_time":97469,"minecraft:damage_resisted":1899,"minecraft:fall_one_cm":1632}},"DataVersion":3465}