{"stats":{"minecraft:dropped":{"jujutsucraftaddon:reverse_level_scroll":3,"jujutsucraftaddon:jujutsu_coin":1,"jujutsucraftaddon:clan_changer":6,"jujutsucraftaddon:health_scroll":3},"minecraft:killed":{"jujutsucraft:cursed_spirit_grade_32":4,"jujutsucraft:cursed_spirit_grade_210":3,"jujutsucraft:cursed_spirit_grade_21":1,"jujutsucraft:cursed_spirit_grade_31":11,"jujutsucraft:cursed_spirit_grade_33":2,"jujutsucraft:stevenson_screen":1,"jujutsucraft:cursed_spirit_grade_24":2,"jujutsucraft:cursed_spirit_grade_213":1,"jujutsucraft:cursed_spirit_grade_37":3,"jujutsucraft:cursed_spirit_grade_35":1,"jujutsucraft:cursed_spirit_grade_318":3,"minecraft:wandering_trader":1,"jujutsucraft:cursed_spirit_grade_316":11,"jujutsucraft:cursed_spirit_grade_211":3,"jujutsucraft:cursed_spirit_grade_26":3,"jujutsucraft:cursed_spirit_grade_321":4,"minecraft:sheep":2,"jujutsucraft:cursed_spirit_grade_29":2,"jujutsucraft:cursed_spirit_grade_28":5,"jujutsucraft:cursed_spirit_grade_39":6,"minecraft:trader_llama":2,"jujutsucraft:cursed_spirit_grade_216":1,"jujutsucraft:cursed_spirit_grade_314":5,"jujutsucraft:cursed_spirit_grade_312":4,"jujutsucraft:cursed_spirit_grade_313":4,"jujutsucraft:entity_scissors":1,"jujutsucraft:cursed_spirit_grade_215":1,"jujutsucraft:cursed_spirit_grade_311":3,"jujutsucraft:cursed_spirit_grade_310":8,"jujutsucraft:cursed_spirit_grade_23":1,"jujutsucraft:cursed_spirit_grade_214":2,"jujutsucraft:cursed_spirit_grade_34":2,"jujutsucraft:cursed_spirit_grade_317":1,"jujutsucraft:cursed_spirit_grade_315":1,"jujutsucraft:cursed_spirit_grade_38":7,"jujutsucraft:cursed_spirit_grade_212":1,"jujutsucraft:cursed_spirit_grade_319":3,"jujutsucraft:cursed_spirit_grade_322":3,"jujutsucraft:cursed_spirit_grade_27":3},"minecraft:picked_up":{"jujutsucraftaddon:health_scroll":5,"jujutsucraftaddon:clan_changer":6,"jujutsucraftaddon:jujutsu_coin":7,"minecraft:wheat_seeds":2,"jujutsucraftaddon:reverse_level_scroll":2},"minecraft:custom":{"minecraft:mob_kills":124,"minecraft:damage_dealt_resisted":40316,"minecraft:leave_game":5,"minecraft:time_since_death":135005,"minecraft:damage_resisted":1899,"minecraft:time_since_rest":135030,"minecraft:sprint_one_cm":7577,"minecraft:walk_one_cm":52686,"minecraft:damage_taken":493,"minecraft:drop":13,"minecraft:fly_one_cm":255816,"minecraft:crouch_one_cm":377,"minecraft:play_time":194770,"minecraft:deaths":2,"minecraft:sneak_time":693,"minecraft:jump":73,"minecraft:total_world_time":194770,"minecraft:fall_one_cm":1843},"minecraft:used":{"jujutsucraft:cursed_spirit_grade_318_spawn_egg":3,"jujutsucraft:cursed_spirit_grade_32_spawn_egg":4,"minecraft:writable_book":1,"jujutsucraft:cursed_spirit_grade_216_spawn_egg":2,"jujutsucraft:cursed_spirit_grade_315_spawn_egg":1,"jujutsucraft:cursed_spirit_grade_311_spawn_egg":3,"jujutsucraft:cursed_spirit_grade_39_spawn_egg":6,"jujutsucraft:cursed_spirit_grade_35_spawn_egg":1,"jujutsucraft:uniform_normal_boots":1,"jujutsucraft:cursed_spirit_grade_24_spawn_egg":2,"jujutsucraft:cursed_spirit_grade_26_spawn_egg":3,"jujutsucraft:cursed_spirit_grade_212_spawn_egg":1,"jujutsucraft:cursed_spirit_grade_33_spawn_egg":2,"jujutsucraft:cursed_spirit_grade_321_spawn_egg":4,"jujutsucraft:cursed_spirit_grade_29_spawn_egg":2,"jujutsucraft:cursed_spirit_grade_213_spawn_egg":1,"jujutsucraft:cursed_spirit_grade_314_spawn_egg":5,"jujutsucraft:cursed_spirit_grade_310_spawn_egg":8,"jujutsucraft:uniform_normal_chestplate":1,"jujutsucraft:cursed_spirit_grade_21_spawn_egg":1,"jujutsucraft:cursed_spirit_grade_214_spawn_egg":2,"jujutsucraft:cursed_spirit_grade_313_spawn_egg":4,"jujutsucraft:cursed_spirit_grade_37_spawn_egg":4,"jujutsucraft:cursed_spirit_grade_322_spawn_egg":3,"jujutsucraft:cursed_spirit_grade_31_spawn_egg":10,"jujutsucraft:cursed_spirit_grade_319_spawn_egg":3,"jujutsucraft:cursed_spirit_grade_317_spawn_egg":1,"jujutsucraft:cursed_spirit_grade_210_spawn_egg":3,"jujutsucraft:cursed_spirit_grade_28_spawn_egg":6,"jujutsucraft:cursed_spirit_grade_38_spawn_egg":7,"jujutsucraft:cursed_spirit_grade_23_spawn_egg":1,"jujutsucraft:cursed_spirit_grade_34_spawn_egg":2,"jujutsucraft:cursed_spirit_grade_215_spawn_egg":1,"jujutsucraft:cursed_spirit_grade_312_spawn_egg":5,"jujutsucraft:cursed_spirit_grade_316_spawn_egg":15,"jujutsucraft:cursed_spirit_grade_27_spawn_egg":3,"jujutsucraft:cursed_spirit_grade_211_spawn_egg":3}},"DataVersion":3465}