{"stats":{"minecraft:killed_by":{"minecraft:player":4},"minecraft:custom":{"minecraft:time_since_rest":53520,"minecraft:crouch_one_cm":782,"minecraft:sprint_one_cm":18703,"minecraft:play_time":107204,"minecraft:deaths":4,"minecraft:damage_taken":2505,"minecraft:walk_one_cm":48470,"minecraft:interact_with_anvil":1,"minecraft:sneak_time":934,"minecraft:mob_kills":79,"minecraft:drop":9,"minecraft:jump":212,"minecraft:damage_dealt_resisted":1043,"minecraft:leave_game":3,"minecraft:time_since_death":53446,"minecraft:total_world_time":107204,"minecraft:fall_one_cm":5159,"minecraft:fly_one_cm":68391,"minecraft:open_chest":4},"minecraft:dropped":{"minecraft:potion":7,"minecraft:dirt":2},"minecraft:picked_up":{"minecraft:dandelion":1,"minecraft:potion":3,"minecraft:dirt":2},"minecraft:used":{"minecraft:dirt":29,"jujutsucraft:cursed_spirit_grade_32_spawn_egg":2,"jujutsucraft:cursed_spirit_grade_33_spawn_egg":1,"minecraft:potion":1,"minecraft:anvil":1,"minecraft:flint_and_steel":7,"minecraft:grass_block":5,"jujutsucraft:cursed_spirit_grade_39_spawn_egg":1,"jujutsucraft:cursed_spirit_grade_34_spawn_egg":1,"jujutsucraft:cursed_spirit_grade_31_spawn_egg":1,"minecraft:chest":1,"jujutsucraft:cursed_spirit_grade_35_spawn_egg":1,"jujutsucraft:cursed_spirit_grade_36_spawn_egg":1,"minecraft:dandelion":1},"minecraft:killed":{"jujutsucraft:cursed_spirit_grade_36":1,"jujutsucraft:cursed_spirit_grade_32":2,"jujutsucraft:cursed_spirit_grade_39":1,"jujutsucraft:cursed_spirit_grade_35":1,"jujutsucraft:cursed_spirit_grade_31":1,"jujutsucraft:cursed_spirit_grade_33":1,"jujutsucraft:cursed_spirit_grade_34":1,"jujutsucraft:crow":1,"jujutsucraft:rabbit_escape":70}},"DataVersion":3465}