{"stats":{"minecraft:dropped":{"jujutsucraft:uniform_higuruma_leggings":1,"minecraft:netherite_axe":1,"minecraft:grass_block":2,"jujutsucraft:cursed_spirit_grade_21_spawn_egg":1,"minecraft:stick":1,"minecraft:dirt":2,"minecraft:oak_sapling":4,"minecraft:potion":7},"minecraft:mined":{"parcool:iron_zipline_hook":1},"minecraft:killed_by":{"minecraft:player":4},"minecraft:killed":{"jujutsucraft:cursed_spirit_grade_32":3,"jujutsucraft:cursed_spirit_grade_210":2,"jujutsucraft:cursed_spirit_grade_21":2,"jujutsucraft:cursed_spirit_grade_31":1,"jujutsucraft:cursed_spirit_grade_33":1,"jujutsucraft:cursed_spirit_grade_24":1,"jujutsucraft:cursed_spirit_grade_213":2,"jujutsucraft:cursed_spirit_grade_35":1,"jujutsucraft:cursed_spirit_grade_211":2,"jujutsucraft:cursed_spirit_grade_316":1,"jujutsucraft:cursed_spirit_grade_26":4,"jujutsucraft:cursed_spirit_grade_28":3,"jujutsucraft:cursed_spirit_grade_29":3,"jujutsucraft:cursed_spirit_grade_39":2,"jujutsucraft:cursed_spirit_grade_216":1,"jujutsucraft:cursed_spirit_grade_215":1,"jujutsucraft:crow":2,"jujutsucraft:rabbit_escape":70,"jujutsucraft:cursed_spirit_grade_36":2,"jujutsucraft:cursed_spirit_grade_25":1,"jujutsucraft:cursed_spirit_grade_212":1,"jujutsucraft:cursed_spirit_grade_34":1,"jujutsucraft:cursed_spirit_grade_322":1,"jujutsucraft:higuruma_hiromi":1,"jujutsucraft:cursed_spirit_grade_27":4},"minecraft:picked_up":{"minecraft:potion":3,"minecraft:dirt":2,"minecraft:red_carpet":4,"parcool:iron_zipline_hook":2,"minecraft:stick":2,"jujutsucraft:uniform_higuruma_leggings":1,"minecraft:dandelion":1,"jujutsucraft:cursed_spirit_grade_21_spawn_egg":1,"parcool:zipline_rope":2,"minecraft:oak_sapling":4},"minecraft:custom":{"minecraft:interact_with_anvil":1,"minecraft:mob_kills":113,"minecraft:damage_dealt_resisted":6597,"minecraft:leave_game":6,"minecraft:time_since_death":105822,"minecraft:climb_one_cm":206,"minecraft:time_since_rest":105852,"minecraft:sprint_one_cm":71317,"minecraft:damage_taken":2505,"minecraft:walk_one_cm":209667,"minecraft:drop":18,"minecraft:damage_dealt":6,"minecraft:fly_one_cm":648875,"minecraft:open_chest":4,"minecraft:crouch_one_cm":2604,"minecraft:play_time":323299,"minecraft:deaths":6,"minecraft:sneak_time":3086,"minecraft:jump":464,"minecraft:total_world_time":323299,"minecraft:fall_one_cm":7241},"minecraft:used":{"jujutsucraft:cursed_spirit_grade_32_spawn_egg":2,"minecraft:flint_and_steel":7,"minecraft:birch_planks":33,"jujutsucraft:cursed_spirit_grade_216_spawn_egg":1,"minecraft:oak_planks":93,"jujutsucraft:cursed_spirit_grade_39_spawn_egg":1,"minecraft:chest":1,"jujutsucraft:cursed_spirit_grade_35_spawn_egg":1,"jujutsucraft:cursed_spirit_grade_24_spawn_egg":1,"minecraft:beacon":1,"jujutsucraft:cursed_spirit_grade_212_spawn_egg":1,"jujutsucraft:cursed_spirit_grade_26_spawn_egg":4,"minecraft:oak_leaves":517,"jujutsucraft:cursed_spirit_grade_33_spawn_egg":1,"parcool:zipline_rope":2,"minecraft:dirt":29,"minecraft:anvil":1,"minecraft:oak_slab":28,"minecraft:yellow_concrete":3,"jujutsucraft:cursed_spirit_grade_36_spawn_egg":1,"jujutsucraft:cursed_spirit_grade_29_spawn_egg":3,"jujutsucraft:cursed_spirit_grade_213_spawn_egg":2,"jujutsucraft:cursed_spirit_grade_25_spawn_egg":1,"jujutsucraft:cursed_spirit_grade_21_spawn_egg":2,"minecraft:jungle_sapling":49,"parcool:iron_zipline_hook":1,"minecraft:glass":5,"minecraft:light":224,"minecraft:iron_block":14,"minecraft:grass_block":198,"minecraft:oak_stairs":27,"jujutsucraft:cursed_spirit_grade_31_spawn_egg":1,"jujutsucraft:cursed_spirit_grade_210_spawn_egg":2,"jujutsucraft:cursed_spirit_grade_28_spawn_egg":3,"minecraft:yellow_wool":34,"minecraft:red_carpet":246,"minecraft:potion":1,"minecraft:pink_stained_glass":1,"jujutsucraft:cursed_spirit_grade_34_spawn_egg":1,"minecraft:dandelion":1,"jujutsucraft:cursed_spirit_grade_215_spawn_egg":1,"jujutsucraft:cursed_spirit_grade_211_spawn_egg":2,"jujutsucraft:cursed_spirit_grade_27_spawn_egg":4,"minecraft:bone_meal":118,"minecraft:birch_stairs":355}},"DataVersion":3465}