{"stats":{"minecraft:used":{"parcool:iron_zipline_hook":47,"minecraft:cherry_hanging_sign":2,"minecraft:birch_slab":89,"minecraft:birch_planks":346,"minecraft:grass_block":3,"minecraft:oak_stairs":40,"minecraft:oak_planks":23,"minecraft:oak_sign":2,"minecraft:cherry_sign":1,"minecraft:cherry_leaves":35,"minecraft:spruce_sapling":2,"minecraft:glow_ink_sac":2,"minecraft:debug_stick":38,"parcool:zipline_rope":60,"minecraft:red_carpet":173,"minecraft:anvil":1,"minecraft:birch_sign":1,"minecraft:stripped_oak_log":83,"minecraft:red_dye":1,"jujutsucraft:mythical_beast_amber_helmet":15,"minecraft:bone_meal":14,"minecraft:birch_stairs":371},"minecraft:dropped":{"jujutsucraft:clothes_kashimo_hajime_helmet":1,"jujutsucraft:uniform_normal_leggings":1,"jujutsucraft:mythical_beast_amber_helmet":3,"minecraft:wooden_axe":1,"minecraft:rabbit":1,"jujutsucraftaddon:random_ct_changer":1,"jujutsucraft:uniform_normal_boots":1,"minecraft:debug_stick":1,"minecraft:birch_stairs":1,"minecraft:birch_slab":1,"jujutsucraft:uniform_normal_chestplate":1,"minecraft:spruce_sapling":1,"minecraft:dandelion":1},"minecraft:killed":{"jujutsucraft:cursed_spirit_grade_33":1,"jujutsucraft:cursed_spirit_grade_314":1,"minecraft:chicken":1},"minecraft:picked_up":{"minecraft:wooden_axe":1,"minecraft:dandelion":1,"parcool:zipline_rope":9,"minecraft:rabbit":1},"minecraft:custom":{"minecraft:time_since_rest":165226,"minecraft:sprint_one_cm":29350,"minecraft:damage_taken":752,"minecraft:walk_one_cm":141015,"minecraft:interact_with_anvil":5,"minecraft:mob_kills":3,"minecraft:drop":15,"minecraft:damage_dealt":0,"minecraft:fly_one_cm":1246894,"minecraft:crouch_one_cm":970,"minecraft:play_time":193568,"minecraft:deaths":1,"minecraft:sneak_time":5629,"minecraft:walk_under_water_one_cm":1459,"minecraft:jump":153,"minecraft:damage_dealt_resisted":145,"minecraft:leave_game":3,"minecraft:time_since_death":165155,"minecraft:walk_on_water_one_cm":2862,"minecraft:total_world_time":193568,"minecraft:climb_one_cm":524,"minecraft:fall_one_cm":4873},"minecraft:mined":{"minecraft:grass":1}},"DataVersion":3465}