{"stats":{"minecraft:used":{"minecraft:birch_planks":313,"minecraft:stripped_oak_log":83,"jujutsucraft:mythical_beast_amber_helmet":15},"minecraft:dropped":{"minecraft:wooden_axe":1,"jujutsucraftaddon:random_ct_changer":1},"minecraft:killed":{"jujutsucraft:cursed_spirit_grade_33":1,"jujutsucraft:cursed_spirit_grade_314":1,"minecraft:chicken":1},"minecraft:picked_up":{"minecraft:wooden_axe":1,"minecraft:dandelion":1},"minecraft:custom":{"minecraft:time_since_rest":91977,"minecraft:crouch_one_cm":507,"minecraft:sprint_one_cm":19745,"minecraft:play_time":120319,"minecraft:deaths":1,"minecraft:damage_taken":752,"minecraft:walk_one_cm":82747,"minecraft:sneak_time":4370,"minecraft:walk_under_water_one_cm":1459,"minecraft:mob_kills":3,"minecraft:drop":2,"minecraft:damage_dealt_resisted":145,"minecraft:jump":118,"minecraft:damage_dealt":0,"minecraft:leave_game":2,"minecraft:walk_on_water_one_cm":1980,"minecraft:time_since_death":91906,"minecraft:climb_one_cm":517,"minecraft:total_world_time":120319,"minecraft:fall_one_cm":4873,"minecraft:fly_one_cm":879668},"minecraft:mined":{"minecraft:grass":1}},"DataVersion":3465}