{"stats":{"minecraft:used":{"minecraft:anvil":1,"jujutsucraft:miyo_rokujushi_spawn_egg":2},"minecraft:picked_up":{"minecraft:enchanted_book":26,"jujutsucraftaddon:sukuna_armor_three_helmet":1},"minecraft:dropped":{"minecraft:enchanted_book":26,"jujutsucraftaddon:sukuna_armor_three_helmet":1},"minecraft:custom":{"minecraft:jump":46,"minecraft:time_since_rest":17111,"minecraft:deaths":2,"minecraft:crouch_one_cm":241,"minecraft:leave_game":2,"minecraft:play_time":171690,"minecraft:sprint_one_cm":2024,"minecraft:damage_taken":690,"minecraft:time_since_death":17081,"minecraft:walk_one_cm":6029,"minecraft:total_world_time":171690,"minecraft:sneak_time":651,"minecraft:climb_one_cm":186,"minecraft:interact_with_anvil":4,"minecraft:fall_one_cm":8183,"minecraft:drop":27,"minecraft:fly_one_cm":167806}},"DataVersion":3465}