{"stats":{"minecraft:dropped":{"minecraft:dirt":4,"minecraft:wheat_seeds":2,"minecraft:glass_bottle":1,"jujutsucraftaddon:random_ct_changer":1,"minecraft:potion":2,"jujutsucraft:sword_black":3,"minecraft:dandelion":4},"minecraft:mined":{"minecraft:dandelion":3,"minecraft:azure_bluet":1,"minecraft:grass":15,"minecraft:grass_block":2,"minecraft:dirt":1,"minecraft:tall_grass":7},"minecraft:killed":{"jujutsucraft:rabbit_escape":8,"jujutsucraft:cursed_spirit_grade_315":1},"minecraft:picked_up":{"jujutsucraftaddon:reverse_level_scroll":3,"minecraft:dandelion":5,"minecraft:potion":5,"minecraft:dirt":6,"jujutsucraftaddon:health_scroll":3,"jujutsucraftaddon:clan_changer":6,"jujutsucraftaddon:jujutsu_coin":2,"minecraft:wheat_seeds":2,"jujutsucraft:sword_black":2,"minecraft:mutton":1,"minecraft:white_wool":1},"minecraft:custom":{"minecraft:time_since_rest":3101,"minecraft:sprint_one_cm":195784,"minecraft:damage_taken":2514,"minecraft:walk_one_cm":127009,"minecraft:mob_kills":11,"minecraft:drop":16,"minecraft:damage_dealt":11,"minecraft:fly_one_cm":449495,"minecraft:player_kills":4,"minecraft:crouch_one_cm":13146,"minecraft:play_time":250529,"minecraft:deaths":5,"minecraft:sneak_time":3436,"minecraft:jump":1508,"minecraft:damage_dealt_resisted":125,"minecraft:leave_game":15,"minecraft:time_since_death":3067,"minecraft:climb_one_cm":6,"minecraft:total_world_time":250529,"minecraft:fall_one_cm":43980},"minecraft:used":{"parcool:iron_zipline_hook":3,"jujutsucraft:sword_black":4,"minecraft:grass_block":8,"minecraft:white_wool":39,"parcool:zipline_rope":14,"minecraft:dirt":3,"minecraft:potion":4,"minecraft:dandelion":11}},"DataVersion":3465}