{"stats":{"minecraft:used":{"minecraft:sticky_piston":1,"parcool:iron_zipline_hook":47,"jujutsucraft:sword_black":4,"minecraft:light":317,"minecraft:end_rod":5,"minecraft:birch_slab":26,"minecraft:birch_planks":782,"minecraft:grass_block":12,"minecraft:oak_stairs":15,"minecraft:oak_planks":1,"minecraft:stone":10,"minecraft:cherry_leaves":367,"minecraft:sheep_spawn_egg":2,"minecraft:red_carpet":3,"minecraft:yellow_wool":1,"minecraft:oak_leaves":2,"minecraft:white_wool":39,"parcool:zipline_rope":63,"minecraft:dirt":3,"jujutsucraft:sukuna_finger":20,"minecraft:anvil":1,"minecraft:potion":4,"minecraft:oak_slab":2,"minecraft:oak_boat":1,"minecraft:ochre_froglight":1,"minecraft:painting":4,"minecraft:dandelion":11},"minecraft:killed_by":{"minecraft:player":1},"minecraft:dropped":{"minecraft:dirt":4,"minecraft:wheat_seeds":2,"minecraft:glass_bottle":1,"minecraft:rabbit":1,"jujutsucraftaddon:random_ct_changer":1,"minecraft:potion":2,"jujutsucraft:sword_black":3,"jujutsucraftaddon:vibraslap":1,"minecraft:dandelion":4,"minecraft:light":4},"minecraft:killed":{"minecraft:sheep":1,"jujutsucraft:rabbit_escape":8,"jujutsucraft:cursed_spirit_grade_315":1},"minecraft:picked_up":{"jujutsucraftaddon:reverse_level_scroll":3,"minecraft:dandelion":5,"minecraft:potion":5,"jujutsucraftaddon:random_ct_changer":1,"minecraft:dirt":6,"jujutsucraftaddon:health_scroll":3,"minecraft:red_carpet":1,"parcool:zipline_rope":6,"jujutsucraftaddon:clan_changer":6,"jujutsucraftaddon:jujutsu_coin":2,"jjkf:massive_cursed_energy_capacity":1,"minecraft:wheat_seeds":2,"jujutsucraft:sword_black":2,"minecraft:mutton":1,"minecraft:white_wool":1},"minecraft:custom":{"minecraft:time_since_rest":68922,"minecraft:sprint_one_cm":287711,"minecraft:damage_taken":5117,"minecraft:walk_one_cm":340090,"minecraft:interact_with_anvil":1,"minecraft:mob_kills":12,"minecraft:drop":22,"minecraft:damage_dealt":11,"minecraft:fly_one_cm":1385019,"minecraft:player_kills":6,"waystones:waystone_activated":1,"minecraft:crouch_one_cm":25545,"minecraft:play_time":366695,"minecraft:deaths":6,"minecraft:sneak_time":9781,"minecraft:boat_one_cm":4781,"minecraft:jump":2104,"minecraft:damage_dealt_resisted":125,"minecraft:leave_game":21,"minecraft:time_since_death":68893,"minecraft:climb_one_cm":1344,"minecraft:total_world_time":366695,"minecraft:damage_resisted":379,"minecraft:fall_one_cm":64606},"minecraft:mined":{"minecraft:dandelion":3,"minecraft:azure_bluet":1,"minecraft:grass":15,"minecraft:grass_block":2,"minecraft:dirt":1,"minecraft:tall_grass":7}},"DataVersion":3465}