{"stats":{"minecraft:used":{"parcool:iron_zipline_hook":3,"jujutsucraft:sword_black":4,"minecraft:birch_planks":697,"minecraft:grass_block":8,"minecraft:oak_stairs":15,"minecraft:oak_planks":1,"minecraft:stone":10,"minecraft:oak_leaves":2,"minecraft:white_wool":39,"parcool:zipline_rope":14,"minecraft:dirt":3,"jujutsucraft:sukuna_finger":20,"minecraft:potion":4,"minecraft:oak_slab":1,"minecraft:dandelion":11},"minecraft:killed_by":{"minecraft:player":1},"minecraft:dropped":{"minecraft:dirt":4,"minecraft:wheat_seeds":2,"minecraft:glass_bottle":1,"jujutsucraftaddon:random_ct_changer":1,"minecraft:potion":2,"jujutsucraft:sword_black":3,"minecraft:dandelion":4},"minecraft:killed":{"jujutsucraft:rabbit_escape":8,"jujutsucraft:cursed_spirit_grade_315":1},"minecraft:picked_up":{"jujutsucraftaddon:reverse_level_scroll":3,"minecraft:dandelion":5,"minecraft:potion":5,"jujutsucraftaddon:random_ct_changer":1,"minecraft:dirt":6,"jujutsucraftaddon:health_scroll":3,"minecraft:red_carpet":1,"jujutsucraftaddon:clan_changer":6,"jujutsucraftaddon:jujutsu_coin":2,"jjkf:massive_cursed_energy_capacity":1,"minecraft:wheat_seeds":2,"jujutsucraft:sword_black":2,"minecraft:mutton":1,"minecraft:white_wool":1},"minecraft:custom":{"minecraft:time_since_rest":2742,"minecraft:sprint_one_cm":254687,"minecraft:damage_taken":5056,"minecraft:walk_one_cm":244393,"minecraft:mob_kills":11,"minecraft:drop":16,"minecraft:damage_dealt":11,"minecraft:fly_one_cm":838793,"minecraft:player_kills":4,"minecraft:crouch_one_cm":19514,"minecraft:play_time":300515,"minecraft:deaths":6,"minecraft:sneak_time":6482,"minecraft:jump":1928,"minecraft:damage_dealt_resisted":125,"minecraft:leave_game":19,"minecraft:time_since_death":2713,"minecraft:climb_one_cm":1344,"minecraft:total_world_time":300515,"minecraft:damage_resisted":135,"minecraft:fall_one_cm":59637},"minecraft:mined":{"minecraft:dandelion":3,"minecraft:azure_bluet":1,"minecraft:grass":15,"minecraft:grass_block":2,"minecraft:dirt":1,"minecraft:tall_grass":7}},"DataVersion":3465}