{"stats":{"minecraft:mined":{"minecraft:grass":1,"minecraft:grass_block":6,"minecraft:birch_stairs":1,"minecraft:dirt":3},"minecraft:picked_up":{"minecraft:birch_stairs":1,"minecraft:dirt":9},"minecraft:custom":{"minecraft:jump":714,"minecraft:time_since_rest":270113,"minecraft:leave_game":3,"minecraft:play_time":270113,"minecraft:crouch_one_cm":3265,"minecraft:sprint_one_cm":80985,"minecraft:damage_taken":734,"minecraft:time_since_death":270113,"minecraft:walk_one_cm":67470,"minecraft:sneak_time":1545,"minecraft:total_world_time":270113,"minecraft:climb_one_cm":12628,"minecraft:fall_one_cm":24379,"minecraft:talked_to_villager":1,"minecraft:fly_one_cm":178630},"minecraft:used":{"minecraft:dirt":9,"minecraft:birch_stairs":1}},"DataVersion":3465}