{"stats":{"minecraft:used":{"waystones:waystone":1,"minecraft:glass":30,"minecraft:cherry_sapling":15,"minecraft:end_rod":75,"minecraft:flint_and_steel":37,"minecraft:lantern":1,"minecraft:red_stained_glass":1,"minecraft:birch_planks":1464,"minecraft:iron_block":24,"minecraft:grass_block":204,"minecraft:oak_stairs":55,"minecraft:oak_planks":1,"minecraft:oak_sign":7,"minecraft:beacon":4,"minecraft:stripped_birch_wood":2,"minecraft:oak_leaves":387,"minecraft:red_carpet":44,"minecraft:dirt":9,"minecraft:tnt":67,"minecraft:ochre_froglight":6,"minecraft:lingering_potion":28,"minecraft:stripped_oak_log":31,"minecraft:bone_meal":212,"minecraft:splash_potion":68,"minecraft:birch_stairs":56,"minecraft:dark_oak_sapling":2},"minecraft:dropped":{"jujutsucraft:cursed_technique_starter":1,"minecraft:light_gray_wool":1,"jujutsucraftaddon:vibraslap":1},"minecraft:killed":{"minecraft:sheep":9,"jujutsucraft:cursed_spirit_grade_39":2,"jujutsucraft:cursed_spirit_grade_314":1,"jujutsucraft:cursed_spirit_grade_313":1,"minecraft:pig":7,"jujutsucraft:crow":63,"minecraft:salmon":2,"minecraft:cod":8,"jujutsucraft:cursed_spirit_grade_34":2,"jujutsucraft:cursed_spirit_grade_319":2,"jujutsucraft:cursed_spirit_grade_321":2},"minecraft:picked_up":{"minecraft:stick":1,"minecraft:birch_stairs":1,"minecraft:dirt":9,"minecraft:lantern":1,"minecraft:tnt":2,"minecraft:red_carpet":1,"parcool:zipline_rope":2,"minecraft:light_gray_wool":1,"minecraft:oak_sapling":6,"jujutsucraftaddon:vibraslap":1},"minecraft:custom":{"minecraft:time_since_rest":33092,"lootr:looted_stat":1,"minecraft:sprint_one_cm":160003,"minecraft:damage_taken":734,"minecraft:walk_one_cm":352064,"minecraft:mob_kills":103,"minecraft:drop":3,"minecraft:talked_to_villager":1,"minecraft:fly_one_cm":1282862,"minecraft:crouch_one_cm":24724,"waystones:waystone_activated":1,"minecraft:play_time":448747,"minecraft:deaths":4,"minecraft:sneak_time":12539,"minecraft:walk_under_water_one_cm":221,"minecraft:jump":1271,"minecraft:damage_dealt_resisted":21865,"minecraft:leave_game":6,"minecraft:time_since_death":33065,"minecraft:total_world_time":448747,"minecraft:climb_one_cm":13078,"minecraft:fall_one_cm":24588},"minecraft:mined":{"minecraft:birch_stairs":1,"minecraft:tnt":2,"minecraft:grass":1,"minecraft:grass_block":6,"minecraft:dirt":3}},"DataVersion":3465}