{"stats":{"minecraft:used":{"minecraft:flint_and_steel":37,"minecraft:birch_planks":1213,"minecraft:grass_block":166,"minecraft:oak_planks":1,"minecraft:oak_leaves":387,"minecraft:dirt":9,"minecraft:tnt":67,"minecraft:stripped_oak_log":31,"minecraft:birch_stairs":1},"minecraft:killed":{"minecraft:sheep":9,"jujutsucraft:cursed_spirit_grade_39":2,"jujutsucraft:cursed_spirit_grade_314":1,"jujutsucraft:cursed_spirit_grade_313":1,"minecraft:pig":7,"jujutsucraft:crow":60,"minecraft:cod":8,"jujutsucraft:cursed_spirit_grade_34":2,"jujutsucraft:cursed_spirit_grade_319":2,"jujutsucraft:cursed_spirit_grade_321":2},"minecraft:picked_up":{"minecraft:stick":1,"minecraft:birch_stairs":1,"minecraft:dirt":9,"minecraft:tnt":2,"minecraft:oak_sapling":6},"minecraft:custom":{"minecraft:time_since_rest":98158,"lootr:looted_stat":1,"minecraft:sprint_one_cm":124003,"minecraft:damage_taken":734,"minecraft:walk_one_cm":237858,"minecraft:mob_kills":98,"minecraft:talked_to_villager":1,"minecraft:fly_one_cm":769809,"minecraft:crouch_one_cm":18429,"minecraft:play_time":375498,"minecraft:deaths":3,"minecraft:sneak_time":8399,"minecraft:walk_under_water_one_cm":221,"minecraft:jump":986,"minecraft:damage_dealt_resisted":21865,"minecraft:leave_game":5,"minecraft:time_since_death":98133,"minecraft:total_world_time":375498,"minecraft:climb_one_cm":13078,"minecraft:fall_one_cm":24588},"minecraft:mined":{"minecraft:birch_stairs":1,"minecraft:tnt":2,"minecraft:grass":1,"minecraft:grass_block":6,"minecraft:dirt":3}},"DataVersion":3465}