{"stats":{"minecraft:used":{"jujutsucraft:cursed_spirit_grade_01_spawn_egg":15,"minecraft:grass_block":16,"minecraft:birch_planks":45,"jujutsucraft:jujutsu_barrier":3,"jujutsucraft:cursed_spirit_grade_09_spawn_egg":10,"bindingvow:trims_haori_chestplate":1,"jujutsucraft:block_red":1,"jujutsucraft:uniform_normal_boots":1,"minecraft:stone":4,"lootr:trophy":2,"jujutsucraft:domain_dark_stone":2,"jujutsucraft:rika_spawn_egg":3},"minecraft:dropped":{"lootr:trophy":1,"minecraft:birch_planks":1,"bindingvow:stop_time":1,"minecraft:stripped_oak_wood":1,"jujutsucraft:uniform_normal_leggings":1,"jjkf:massive_cursed_energy_capacity":1,"bindingvow:trims_haori_chestplate":2,"minecraft:wooden_axe":3,"jujutsucraft:uniform_normal_chestplate":1,"jujutsucraft:cursed_technique_changer":1,"bindingvow:vampire":3},"minecraft:picked_up":{"minecraft:wheat_seeds":1,"minecraft:dandelion":1},"minecraft:custom":{"minecraft:time_since_rest":44220,"minecraft:crouch_one_cm":8425,"minecraft:play_time":116420,"minecraft:sprint_one_cm":43369,"minecraft:damage_taken":304,"minecraft:deaths":4,"minecraft:walk_one_cm":67513,"minecraft:sneak_time":7904,"minecraft:walk_under_water_one_cm":3225,"minecraft:drop":16,"minecraft:jump":184,"minecraft:leave_game":7,"minecraft:time_since_death":44196,"minecraft:walk_on_water_one_cm":330,"minecraft:climb_one_cm":2711,"minecraft:total_world_time":116420,"minecraft:damage_resisted":120,"minecraft:swim_one_cm":674,"minecraft:fall_one_cm":7516,"minecraft:fly_one_cm":1254964}},"DataVersion":3465}