{"stats":{"minecraft:used":{"minecraft:sticky_piston":1,"minecraft:glass":1,"jujutsucraft:cursed_spirit_grade_01_spawn_egg":15,"minecraft:light":80,"minecraft:end_rod":2,"minecraft:lantern":7,"minecraft:command_block":3,"minecraft:birch_slab":124,"minecraft:birch_planks":148,"minecraft:grass_block":16,"minecraft:oak_stairs":38,"minecraft:oak_planks":50,"jujutsucraft:block_red":1,"bindingvow:trims_haori_chestplate":1,"jujutsucraft:uniform_normal_boots":1,"minecraft:stone":4,"lootr:trophy":2,"jujutsucraft:domain_dark_stone":2,"minecraft:yellow_wool":18,"jujutsucraft:sukuna_finger":22,"minecraft:chain":34,"jujutsucraft:cursed_spirit_grade_09_spawn_egg":10,"jujutsucraft:jujutsu_barrier":3,"minecraft:birch_stairs":462,"jujutsucraft:rika_spawn_egg":3},"minecraft:killed_by":{"minecraft:player":2},"minecraft:dropped":{"lootr:trophy":1,"minecraft:birch_planks":1,"minecraft:wheat_seeds":1,"jujutsucraft:uniform_normal_leggings":1,"minecraft:mutton":1,"jjkf:massive_cursed_energy_capacity":1,"minecraft:wooden_axe":3,"jujutsucraft:cursed_technique_changer":1,"bindingvow:stop_time":1,"minecraft:stripped_oak_wood":1,"bindingvow:trims_haori_chestplate":2,"minecraft:white_wool":1,"jujutsucraft:uniform_normal_chestplate":1,"bindingvow:vampire":3,"minecraft:dandelion":1},"minecraft:killed":{"minecraft:sheep":1,"jujutsucraft:crow":1},"minecraft:picked_up":{"minecraft:dandelion":1,"minecraft:light":4,"parcool:zipline_rope":1,"minecraft:wheat_seeds":1,"minecraft:mutton":1,"minecraft:white_wool":1},"minecraft:custom":{"minecraft:time_since_rest":28266,"minecraft:sprint_one_cm":73931,"minecraft:damage_taken":4978,"minecraft:walk_one_cm":128766,"minecraft:mob_kills":2,"minecraft:drop":20,"minecraft:damage_dealt":140,"minecraft:swim_one_cm":674,"minecraft:fly_one_cm":1994307,"minecraft:player_kills":1,"minecraft:crouch_one_cm":18857,"minecraft:play_time":189669,"minecraft:deaths":6,"minecraft:sneak_time":16854,"minecraft:walk_under_water_one_cm":3225,"minecraft:boat_one_cm":94,"minecraft:jump":321,"minecraft:walk_on_water_one_cm":330,"minecraft:leave_game":8,"minecraft:time_since_death":28231,"minecraft:total_world_time":189669,"minecraft:climb_one_cm":2794,"minecraft:damage_resisted":6985,"minecraft:fall_one_cm":10959}},"DataVersion":3465}